"Q3","Q5","Q6","Unique.Visit"
2,"Improved dramatically",1,"6_17672235"
NA,NA,NA,"11_17677581"
2,"Improved dramatically",1,"11_17800530"
1,"Improved somewhat",0,"11_17675355"
NA,NA,NA,"11_17833551"
0,"Improved somewhat",0,"12_17755014"
4,"Improved somewhat",3,"12_17675220"
NA,NA,NA,"13_17817543"
0,"Improved dramatically",2,"13_17752200"
2,"No improvement",3,"17_17801574"
1,"Improved somewhat",1,"17_17794404"
5,"Improved somewhat",0,"17_17602635"
4,"Improved dramatically",0,"17_17600376"
3,"Improved somewhat",2,"18_17783649"
1,"Improved dramatically",2,"19_17745762"
0,"I did not have a cough",0,"19_17727906"
0,"Improved somewhat",0,"19_17726574"
1,"Improved dramatically",2,"20_17754606"
1,"Improved dramatically",2,"20_17804445"
2,"Improved somewhat",1,"20_17806545"
NA,NA,NA,"20_17746431"
2,"Improved somewhat",1,"26_17685168"
5,"Improved somewhat",2,"26_17798286"
2,"Improved dramatically",0,"26_17677131"
2,"Improved dramatically",4,"26_17670927"
2,"Improved dramatically",2,"26_17746206"
1,"Improved somewhat",2,"27_17732235"
0,"Improved somewhat",1,"27_17792832"
0,"Improved somewhat",0,"27_17714685"
2,"Improved dramatically",2,"27_17725770"
4,"Improved somewhat",2,"30_17740578"
1,"Improved somewhat",5,"31_17676234"
2,"Improved somewhat",2,"31_17835492"
3,"No improvement",2,"32_17799441"
1,"Improved dramatically",0,"32_17740992"
0,"Improved somewhat",0,"32_17800752"
0,"Improved somewhat",1,"33_17800929"
3,"Improved somewhat",1,"33_17693637"
1,"Improved dramatically",1,"34_17681877"
1,"Improved somewhat",0,"34_17527134"
2,"Improved somewhat",2,"37_17719086"
NA,NA,NA,"4_17738970"
2,"Improved dramatically",2,"4_17795787"
3,"Improved dramatically",3,"4_17714832"
0,"Improved dramatically",0,"5_17788560"
0,"Improved dramatically",2,"5_17535618"
1,"Improved dramatically",1,"6_17679987"
3,"No improvement",2,"9_17742543"
NA,NA,NA,"9_17561040"
2,"I did not have a cough",1,"9_17738895"
3,"Improved somewhat",1,"10_17457972"
1,"Improved somewhat",0,"10_17744955"
3,"Improved somewhat",2,"10_17751429"
2,"Improved dramatically",1,"10_17602023"
3,"Improved somewhat",1,"10_17607420"
3,"Improved somewhat",3,"10_17677581"
3,"Improved dramatically",3,"11_17674773"
NA,NA,NA,"11_17735676"
1,"Improved somewhat",1,"11_17737014"
1,"Improved dramatically",0,"11_17736372"
2,"Improved dramatically",3,"12_17806293"
2,"Improved dramatically",0,"12_17597877"
3,"No improvement",1,"12_17622003"
3,"Improved somewhat",3,"12_17671077"
2,"No improvement",2,"13_17635161"
0,"Improved dramatically",3,"13_17791854"
NA,NA,NA,"13_17804799"
NA,NA,NA,"13_17797560"
0,"Improved dramatically",0,"13_17691780"
1,"Improved somewhat",2,"13_17813193"
2,"Improved somewhat",3,"17_17608311"
1,"I did not have a cough",0,"17_17735682"
3,"Improved dramatically",4,"17_17669805"
3,"Improved somewhat",2,"17_17631951"
3,"No improvement",3,"17_17728833"
4,"Improved dramatically",2,"17_17633058"
2,"Improved somewhat",2,"17_17751948"
4,"Improved somewhat",3,"17_17769744"
2,"Improved somewhat",1,"17_17734623"
2,"Improved dramatically",2,"17_17600805"
4,"Improved dramatically",2,"18_17741733"
3,"Improved somewhat",3,"18_17680779"
1,"Improved dramatically",3,"18_17740464"
NA,NA,NA,"18_17780151"
NA,"Improved dramatically",0,"18_17803542"
4,"Improved somewhat",3,"18_17763510"
1,"Improved dramatically",0,"19_17808771"
NA,NA,NA,"19_17393784"
0,"Improved somewhat",0,"19_17689395"
1,"Improved somewhat",1,"19_17726721"
3,"Improved somewhat",1,"19_17732376"
2,"Improved dramatically",1,"19_17745720"
0,"Improved dramatically",2,"20_17716401"
1,"Improved dramatically",0,"20_17704734"
1,"No improvement",2,"20_17729403"
1,"Improved somewhat",3,"20_17732937"
NA,NA,NA,"20_17503353"
1,"Improved somewhat",1,"23_17737866"
1,"Improved dramatically",0,"23_17806683"
3,"Improved somewhat",2,"23_17687691"
3,"Improved somewhat",2,"24_17779500"
2,"Improved somewhat",2,"24_17780052"
2,"Improved somewhat",4,"24_17795439"
5,"Improved dramatically",3,"24_17829057"
3,"Improved dramatically",4,"24_17748588"
3,"I did not have a cough",3,"24_17809869"
5,"",5,"24_17668155"
2,"No improvement",1,"24_17717427"
3,"Improved dramatically",3,"25_17564730"
3,"Improved somewhat",2,"25_17755188"
NA,NA,NA,"25_17711457"
2,"Improved somewhat",1,"26_17719029"
NA,NA,NA,"26_17716533"
NA,NA,NA,"26_17782218"
1,"I did not have a cough",1,"26_17797188"
2,"Improved somewhat",5,"26_17781888"
5,"Improved dramatically",0,"26_17690262"
2,"Improved somewhat",0,"27_17769360"
2,"Improved dramatically",1,"27_17802333"
NA,NA,NA,"30_17687214"
2,"Improved somewhat",2,"30_17794188"
0,"I did not have a cough",1,"31_17747760"
2,"Improved somewhat",1,"31_17730756"
1,"Improved somewhat",0,"31_17737572"
2,"Improved dramatically",3,"31_17711931"
NA,NA,NA,"32_17750517"
2,"Improved dramatically",1,"32_17796207"
3,"Improved dramatically",1,"32_17808270"
0,"Improved somewhat",1,"32_17791491"
2,"Improved somewhat",3,"33_17807295"
NA,NA,NA,"33_17774529"
0,"Improved somewhat",2,"34_17732760"
1,"Improved dramatically",0,"34_17777373"
NA,NA,NA,"37_17729457"
3,"Improved dramatically",2,"37_17669628"
