"PtQ.URI.Intensity.Cough","PtQ.URI.24ActivityImpact","PtQ.URI.AbdPain","PtQ.URI.Adenopathy","PtQ.URI.CantHear","PtQ.URI.Intensity.Asthenia","PtQ.URI.ChestCongestion","PtQ.URI.ChestPain","PtQ.URI.ChillsSweats","PtQ.URI.Congested","PtQ.URI.Cough","PtQ.URI.Diarrhea","PtQ.URI.EyePn","PtQ.URI.FAtigue","PtQ.URI.Fever","PtQ.URI.HA","PtQ.URI.Insomnia","PtQ.URI.Intensity.Myalgia","PtQ.URI.ItchyEye","PtQ.URI.Nausea","PtQ.URI.Otalgia","PtQ.URI.Pharyngitis","PtQ.URI.Rhinorrhea","PtQ.URI.SOB","PtQ.URI.Sneeze","PtQ.URI.ToothPn","PtQ.URI.Vision","PtQ.URI.Vomit","PtQ.URI.Wheeze","PtQ.URI.AnnualFluShotPtEntered","PtQ.URI.SxEvolutionTime","Unique.Visit"
"Moderate",6,"No","No","No","Moderate","Yes","Yes","Yes","No","Yes","No","No","Yes","Yes","Yes","No","Moderate","No","Yes","No","Yes","No","Yes","No","No","No","No","Yes","|no|","0-1","6_17672235"
NA,NA,NA,NA,NA,NA,NA,NA,NA,NA,NA,NA,NA,NA,NA,NA,NA,NA,NA,NA,NA,NA,NA,NA,NA,NA,NA,NA,NA,NA,NA,"11_17677581"
"Moderate",4,"Yes","Yes","No","Mild","No","No","Yes","Yes","Yes","No","No","Yes","Yes","Yes","Yes","Moderate","No","Yes","No","Yes","No","No","Yes","No","No","No","No","|no|","1-2 d","11_17800530"
"Severe",1,"Yes","No","No","Mild","Yes","Yes","Yes","Yes","Yes","No","No","Yes","Yes","Yes","Yes","Moderate","No","Yes","No","Yes","Yes","Yes","No","No","No","No","No","|no|","1-2 d","11_17675355"
"Moderate",3,"No","No","No","Moderate","No","No","Yes","Yes","Yes","No","No","Yes","Yes","Yes","Yes","Moderate","No","No","No","Yes","Yes","No","Yes","No","No","No","No","|no|","1-2 d","11_17833551"
"Severe",2,"No","Yes","No","Severe","No","No","Yes","Yes","Yes","No","No","Yes","Yes","Yes","Yes","Moderate","No","Yes","Yes","Yes","Yes","No","No","Yes","No","No","Yes","|no|","3+","12_17755014"
"Severe",1,"No","Yes","No","Moderate","Yes","No","Yes","Yes","Yes","No","No","Yes","Yes","Yes","No","Moderate","No","No","No","Yes","Yes","No","Yes","No","No","No","No","|no|","0-1","12_17675220"
"Moderate",2,"Yes","Yes","No","Moderate","Yes","Yes","Yes","Yes","Yes","No","No","Yes","No","Yes","Yes","Severe","Yes","Yes","No","Yes","Yes","Yes","Yes","No","No","No","No","|yes|","0-1","13_17817543"
"Moderate",5,"Yes","No","No","Mild","Yes","No","Yes","Yes","Yes","No","No","Yes","Yes","Yes","Yes","Moderate","No","Yes","No","Yes","No","No","No","No","No","No","Yes","|no|","0-1","13_17752200"
"Severe",1,"No","No","No","Severe","Yes","No","Yes","Yes","Yes","No","No","Yes","Yes","Yes","Yes","Moderate","Yes","Yes","No","Yes","Yes","Yes","Yes","No","No","Yes","Yes","|no|","0-1","17_17801574"
NA,NA,NA,NA,NA,NA,NA,NA,NA,NA,NA,NA,NA,NA,NA,NA,NA,NA,NA,NA,NA,NA,NA,NA,NA,NA,NA,NA,NA,NA,NA,"17_17794404"
"Moderate",0,"Yes","No","Yes","Severe","Yes","Yes","Yes","Yes","Yes","No","Yes","Yes","No","Yes","Yes","Severe","No","Yes","Yes","Yes","Yes","Yes","Yes","Yes","No","No","Yes","|yes|","1-2 d","17_17602635"
"Moderate",6,"No","No","No","None","Yes","No","Yes","No","Yes","No","No","No","No","No","No","None","No","No","No","Yes","No","No","No","No","No","No","Yes","|no|","1-2 d","17_17600376"
"Severe",3,"No","No","No","Mild","Yes","No","Yes","Yes","Yes","No","No","No","Yes","Yes","Yes","None","No","Yes","No","Yes","Yes","No","No","No","No","No","No","|no|","3+","18_17783649"
"Severe",6,"No","No","No","Moderate","Yes","No","Yes","Yes","Yes","No","No","Yes","No","Yes","No","None","No","No","No","Yes","Yes","Yes","No","No","No","No","Yes","|no|","1-2 d","19_17745762"
"Moderate",9,"No","No","No","Moderate","No","No","Yes","Yes","Yes","No","Yes","Yes","Yes","No","No","Moderate","Yes","No","No","Yes","Yes","No","Yes","No","No","No","No","|no|","0-1","19_17727906"
NA,NA,NA,NA,NA,NA,NA,NA,NA,NA,NA,NA,NA,NA,NA,NA,NA,NA,NA,NA,NA,NA,NA,NA,NA,NA,NA,NA,NA,NA,NA,"19_17726574"
NA,NA,NA,NA,NA,NA,NA,NA,NA,NA,NA,NA,NA,NA,NA,NA,NA,NA,NA,NA,NA,NA,NA,NA,NA,NA,NA,NA,NA,NA,NA,"20_17754606"
"Moderate",5,"No","Yes","No","Mild","Yes","No","Yes","Yes","Yes","No","No","Yes","Yes","Yes","Yes","Mild","No","No","No","Yes","No","No","No","No","No","No","Yes","|no|","1-2 d","20_17804445"
"Mild",6,"No","Yes","No","Mild","No","No","No","No","Yes","No","No","Yes","No","No","No","Mild","Yes","No","No","Yes","Yes","No","No","No","No","No","Yes","|no|","0-1","20_17806545"
"Moderate",3,"No","Yes","No","Mild","Yes","Yes","Yes","Yes","Yes","No","No","Yes","Yes","Yes","Yes","Moderate","Yes","No","Yes","Yes","Yes","No","No","No","No","No","No","|no|","0-1","20_17746431"
"Severe",3,"No","No","No","Moderate","Yes","Yes","Yes","Yes","Yes","Yes","No","Yes","Yes","Yes","No","Moderate","No","Yes","No","Yes","No","No","No","No","No","Yes","No","|no|","0-1","26_17685168"
"Mild",5,"No","Yes","No","None","Yes","No","Yes","Yes","Yes","No","Yes","Yes","No","Yes","No","None","Yes","No","No","Yes","Yes","Yes","Yes","Yes","No","No","No","|no|","1-2 d","26_17798286"
"Moderate",3,"No","Yes","No","Mild","Yes","No","No","Yes","Yes","No","No","Yes","No","Yes","Yes","Mild","No","No","Yes","Yes","Yes","No","Yes","Yes","No","No","Yes","|yes|","1-2 d","26_17677131"
"Moderate",2,"No","Yes","No","Mild","No","No","Yes","Yes","Yes","No","No","Yes","Yes","Yes","No","None","No","No","No","Yes","Yes","No","Yes","No","No","No","Yes","|yes|","1-2 d","26_17670927"
"Moderate",0,"No","Yes","Yes","Severe","Yes","No","Yes","Yes","Yes","No","No","Yes","Yes","Yes","No","Severe","Yes","Yes","No","Yes","Yes","No","No","No","No","No","No","|no|","1-2 d","26_17746206"
"Severe",7,"Yes","No","No","Moderate","No","No","Yes","Yes","Yes","No","No","Yes","Yes","No","Yes","Moderate","Yes","Yes","No","Yes","No","No","Yes","No","No","Yes","No","|no|","0-1","27_17732235"
"Mild",3,"No","Yes","No","None","No","No","No","Yes","Yes","No","No","Yes","No","No","Yes","None","No","No","No","Yes","No","Yes","No","No","No","No","No","|no|","0-1","27_17792832"
"Moderate",0,"Yes","Yes","No","Moderate","Yes","Yes","Yes","Yes","Yes","No","Yes","Yes","Yes","Yes","No","Moderate","No","No","Yes","Yes","Yes","Yes","Yes","Yes","No","No","Yes","|yes|","0-1","27_17714685"
"Moderate",9,"No","No","No","Severe","Yes","No","Yes","Yes","Yes","No","No","Yes","Yes","Yes","No","Moderate","No","No","No","No","No","No","Yes","No","No","No","No","|no|","1-2 d","27_17725770"
"Mild",6,"No","No","No","Moderate","No","No","Yes","No","Yes","No","No","Yes","Yes","Yes","Yes","Severe","No","Yes","Yes","Yes","No","No","Yes","Yes","No","No","No","|no|","0-1","30_17740578"
"Severe",4,"No","Yes","No","Moderate","Yes","Yes","No","Yes","Yes","No","No","Yes","No","Yes","Yes","None","No","No","Yes","Yes","Yes","Yes","Yes","Yes","No","No","Yes","|no|","1-2 d","31_17676234"
NA,NA,NA,NA,NA,NA,NA,NA,NA,NA,NA,NA,NA,NA,NA,NA,NA,NA,NA,NA,NA,NA,NA,NA,NA,NA,NA,NA,NA,NA,NA,"31_17835492"
"Mild",5,"No","Yes","No","Moderate","No","No","Yes","No","Yes","No","Yes","Yes","Yes","Yes","No","Mild","No","No","Yes","Yes","Yes","No","No","No","No","No","No","|no|","0-1","32_17799441"
"Mild",5,"No","Yes","No","Moderate","No","No","Yes","Yes","Yes","No","No","Yes","No","No","Yes","Moderate","No","Yes","Yes","Yes","Yes","No","Yes","No","No","Yes","No","|no|","1-2 d","32_17740992"
"Moderate",3,"No","Yes","No","Moderate","Yes","No","Yes","Yes","Yes","No","No","Yes","Yes","Yes","Yes","Moderate","No","Yes","Yes","Yes","Yes","Yes","No","Yes","No","No","No","|no|","3+","32_17800752"
"Moderate",0,"No","No","No","Moderate","Yes","Yes","Yes","Yes","Yes","No","Yes","Yes","Yes","Yes","Yes","Severe","Yes","Yes","No","Yes","Yes","Yes","Yes","No","Yes","No","Yes","|no|","0-1","33_17800929"
"Moderate",0,"No","Yes","No","Severe","Yes","Yes","Yes","Yes","Yes","No","No","Yes","Yes","Yes","Yes","Severe","No","Yes","Yes","Yes","No","Yes","No","No","No","No","Yes","|no|","1-2 d","33_17693637"
"Moderate",9,"No","No","No","Mild","No","No","Yes","Yes","Yes","No","No","Yes","Yes","No","No","Mild","No","No","No","No","Yes","Yes","No","No","No","No","Yes","|no|","0-1","34_17681877"
"Moderate",0,"No","No","No","Severe","Yes","No","Yes","Yes","Yes","No","No","Yes","No","Yes","Yes","Severe","No","No","No","Yes","Yes","Yes","Yes","No","No","No","No","|no|","1-2 d","34_17527134"
"Severe",0,"Yes","Yes","No","Severe","Yes","No","Yes","Yes","Yes","No","No","Yes","Yes","Yes","No","Severe","No","Yes","No","Yes","Yes","Yes","Yes","No","No","No","Yes","|yes|","0-1","37_17719086"
"Mild",3,"No","Yes","No","Moderate","Yes","No","Yes","Yes","Yes","No","No","Yes","Yes","No","No","Severe","No","No","No","Yes","No","Yes","Yes","No","No","No","No","|no|","3+","4_17738970"
"Moderate",3,"No","Yes","No","Moderate","Yes","No","Yes","Yes","Yes","No","No","Yes","Yes","Yes","No","Moderate","No","No","Yes","Yes","No","No","No","Yes","No","No","No","|no|","1-2 d","4_17795787"
NA,NA,NA,NA,NA,NA,NA,NA,NA,NA,NA,NA,NA,NA,NA,NA,NA,NA,NA,NA,NA,NA,NA,NA,NA,NA,NA,NA,NA,NA,NA,"4_17714832"
"Moderate",4,"No","Yes","No","Moderate","Yes","No","Yes","Yes","Yes","No","No","Yes","Yes","Yes","No","Mild","No","Yes","No","Yes","Yes","No","Yes","No","No","No","No","|no|","1-2 d","5_17788560"
"Moderate",4,"No","Yes","No","Moderate","Yes","No","Yes","Yes","Yes","No","No","Yes","Yes","Yes","No","Mild","No","No","Yes","Yes","Yes","No","Yes","No","No","No","Yes","|no|","1-2 d","5_17535618"
"Moderate",10,"No","No","No","None","No","No","Yes","No","Yes","No","No","Yes","No","Yes","Yes","Mild","No","No","No","Yes","Yes","Yes","Yes","No","No","No","No","|no|","0-1","6_17679987"
"Severe",6,"No","No","No","Mild","Yes","Yes","Yes","Yes","Yes","No","No","No","Yes","No","Yes","Moderate","No","Yes","Yes","Yes","Yes","Yes","No","No","No","Yes","Yes","|no|","1-2 d","9_17742543"
"Moderate",3,"No","No","No","Mild","Yes","No","Yes","Yes","Yes","No","No","Yes","Yes","No","Yes","Moderate","No","Yes","No","Yes","Yes","No","Yes","No","No","No","No","|no|","0-1","9_17561040"
"None",2,"No","No","No","Severe","No","No","Yes","Yes","No","Yes","No","Yes","Yes","Yes","No","Moderate","No","Yes","No","No","Yes","No","Yes","No","No","No","No","|yes|","1-2 d","9_17738895"
"Moderate",5,"No","No","No","Mild","No","No","Yes","Yes","No","No","No","Yes","Yes","Yes","No","Mild","No","No","No","Yes","No","No","No","No","No","No","No","|no|","0-1","10_17457972"
"Moderate",3,"Yes","No","No","Severe","Yes","No","Yes","No","Yes","No","No","Yes","Yes","Yes","No","Severe","No","Yes","No","Yes","Yes","Yes","No","No","No","Yes","No","|no|","1-2 d","10_17744955"
"Moderate",4,"No","No","No","Mild","No","No","Yes","No","Yes","No","No","Yes","Yes","Yes","Yes","None","No","No","No","No","No","No","No","No","No","No","Yes","|no|","0-1","10_17751429"
NA,NA,NA,NA,NA,NA,NA,NA,NA,NA,NA,NA,NA,NA,NA,NA,NA,NA,NA,NA,NA,NA,NA,NA,NA,NA,NA,NA,NA,NA,NA,"10_17602023"
"Moderate",3,"No","Yes","No","Moderate","Yes","Yes","Yes","Yes","Yes","No","No","Yes","Yes","Yes","Yes","Moderate","No","No","No","Yes","Yes","Yes","Yes","No","No","No","Yes","|no|","1-2 d","10_17607420"
"Moderate",7,"No","Yes","No","Moderate","Yes","Yes","Yes","Yes","Yes","No","No","Yes","Yes","Yes","Yes","Severe","Yes","No","No","Yes","Yes","Yes","Yes","Yes","No","No","Yes","|no|","0-1","10_17677581"
"Severe",4,"No","No","No","Moderate","Yes","No","Yes","No","Yes","No","No","Yes","No","Yes","Yes","Moderate","No","No","No","Yes","No","No","No","Yes","No","No","Yes","|yes|","1-2 d","11_17674773"
"Severe",0,"Yes","Yes","No","Severe","Yes","Yes","Yes","Yes","Yes","No","No","Yes","Yes","Yes","Yes","Severe","No","No","Yes","Yes","Yes","Yes","Yes","Yes","No","No","Yes","|no|","0-1","11_17735676"
"Moderate",3,"No","No","No","Moderate","Yes","No","No","No","Yes","Yes","No","Yes","Yes","Yes","No","None","No","Yes","No","Yes","No","No","No","No","No","No","No","|no|","1-2 d","11_17737014"
"Moderate",9,"No","No","No","Mild","Yes","Yes","No","Yes","Yes","No","No","Yes","No","No","No","None","No","No","No","Yes","No","Yes","No","No","No","No","Yes","|no|","1-2 d","11_17736372"
"Moderate",6,"No","Yes","No","None","No","No","No","Yes","Yes","No","No","No","No","No","No","None","No","No","No","Yes","Yes","No","No","No","No","No","No","|no|","0-1","12_17806293"
"Moderate",2,"No","No","Yes","Moderate","Yes","Yes","Yes","Yes","Yes","No","No","Yes","No","No","No","Mild","Yes","No","No","Yes","Yes","Yes","Yes","No","No","No","Yes","|no|","1-2 d","12_17597877"
"Moderate",0,"No","No","No","Moderate","No","Yes","Yes","No","Yes","No","No","Yes","Yes","Yes","No","Severe","Yes","No","Yes","Yes","Yes","No","Yes","No","No","No","No","|no|","0-1","12_17622003"
"Moderate",2,"Yes","No","No","Moderate","No","No","Yes","No","Yes","No","Yes","Yes","Yes","Yes","No","Moderate","No","Yes","No","Yes","No","Yes","No","No","No","Yes","Yes","|no|","1-2 d","12_17671077"
"Severe",3,"Yes","Yes","No","Severe","Yes","Yes","Yes","Yes","Yes","No","Yes","Yes","Yes","Yes","Yes","Severe","Yes","No","Yes","Yes","Yes","Yes","Yes","Yes","No","No","Yes","|no|","1-2 d","13_17635161"
"Moderate",7,"No","No","No","Mild","No","No","Yes","Yes","Yes","No","Yes","Yes","Yes","Yes","Yes","None","No","Yes","No","No","Yes","No","No","No","No","No","No","|no|","1-2 d","13_17791854"
NA,NA,NA,NA,NA,NA,NA,NA,NA,NA,NA,NA,NA,NA,NA,NA,NA,NA,NA,NA,NA,NA,NA,NA,NA,NA,NA,NA,NA,NA,NA,"13_17804799"
"Moderate",6,"No","No","No","Mild","Yes","No","Yes","No","Yes","Yes","No","Yes","Yes","Yes","Yes","Mild","No","No","No","Yes","No","Yes","No","No","No","No","No","|no|","1-2 d","13_17797560"
"Severe",3,"No","No","Yes","Severe","Yes","Yes","Yes","Yes","Yes","No","No","Yes","Yes","Yes","Yes","Moderate","Yes","Yes","Yes","Yes","Yes","Yes","Yes","No","No","No","Yes","|yes|","3+","13_17691780"
"Severe",2,"Yes","No","No","Moderate","Yes","Yes","Yes","No","Yes","No","No","Yes","Yes","Yes","Yes","Moderate","No","No","Yes","Yes","No","Yes","No","No","No","No","No","|no|","1-2 d","13_17813193"
"Severe",2,"No","No","No","Mild","Yes","Yes","Yes","Yes","Yes","No","No","Yes","Yes","Yes","Yes","Mild","No","No","No","Yes","Yes","Yes","No","No","No","No","Yes","|no|","1-2 d","17_17608311"
"Moderate",6,"No","No","No","Moderate","No","No","Yes","Yes","Yes","No","No","Yes","Yes","Yes","No","Moderate","No","No","No","No","Yes","No","No","No","No","No","No","|no|","0-1","17_17735682"
"Severe",5,"Yes","No","No","Moderate","Yes","Yes","Yes","Yes","Yes","No","Yes","Yes","Yes","Yes","Yes","Moderate","No","No","Yes","Yes","No","Yes","Yes","Yes","No","No","Yes","|no|","0-1","17_17669805"
"Severe",4,"No","Yes","No","Severe","Yes","Yes","Yes","Yes","Yes","No","No","Yes","Yes","Yes","Yes","Severe","No","Yes","No","Yes","No","Yes","No","Yes","No","Yes","Yes","|no|","0-1","17_17631951"
"Moderate",8,"No","Yes","No","None","No","No","Yes","Yes","Yes","No","No","Yes","Yes","Yes","Yes","None","No","No","No","Yes","No","No","No","No","No","No","No","|no|","3+","17_17728833"
"Moderate",5,"No","No","No","Mild","Yes","No","Yes","Yes","Yes","No","No","Yes","No","No","Yes","Moderate","No","No","No","No","Yes","Yes","Yes","No","No","No","No","|no|","0-1","17_17633058"
"Moderate",3,"No","No","No","Mild","No","Yes","Yes","Yes","Yes","No","No","Yes","Yes","Yes","Yes","Mild","Yes","No","No","Yes","Yes","Yes","Yes","No","No","No","No","|no|","1-2 d","17_17751948"
NA,NA,NA,NA,NA,NA,NA,NA,NA,NA,NA,NA,NA,NA,NA,NA,NA,NA,NA,NA,NA,NA,NA,NA,NA,NA,NA,NA,NA,NA,NA,"17_17769744"
"Moderate",8,"No","No","No","Mild","Yes","No","Yes","Yes","Yes","No","No","No","No","No","No","Mild","No","No","No","No","No","Yes","Yes","No","No","No","No","|yes|","1-2 d","17_17734623"
"Mild",3,"No","No","No","Moderate","Yes","No","Yes","Yes","Yes","No","No","Yes","Yes","Yes","No","Moderate","No","No","No","Yes","Yes","No","Yes","No","No","No","Yes","|no|","1-2 d","17_17600805"
"Mild",1,"No","No","No","Severe","Yes","No","Yes","Yes","Yes","No","No","Yes","Yes","No","Yes","Mild","No","Yes","Yes","Yes","Yes","Yes","Yes","No","No","No","Yes","|no|","1-2 d","18_17741733"
"Moderate",2,"Yes","No","No","Moderate","Yes","Yes","Yes","No","Yes","Yes","No","Yes","Yes","Yes","Yes","Severe","No","Yes","No","No","No","Yes","No","No","No","Yes","Yes","|no|","1-2 d","18_17680779"
NA,NA,NA,NA,NA,NA,NA,NA,NA,NA,NA,NA,NA,NA,NA,NA,NA,NA,NA,NA,NA,NA,NA,NA,NA,NA,NA,NA,NA,NA,NA,"18_17740464"
"Moderate",1,"No","No","No","Severe","Yes","No","Yes","Yes","Yes","No","No","Yes","Yes","Yes","Yes","Mild","No","Yes","No","Yes","Yes","No","No","No","No","No","No","|no|","1-2 d","18_17780151"
"Moderate",6,"No","Yes","No","Mild","Yes","Yes","Yes","Yes","Yes","No","No","Yes","No","Yes","Yes","Mild","No","No","No","Yes","Yes","No","Yes","No","No","No","No","|no|","1-2 d","18_17803542"
"Moderate",4,"No","Yes","No","Moderate","Yes","Yes","Yes","No","Yes","No","No","Yes","Yes","Yes","No","Moderate","No","Yes","No","Yes","Yes","No","Yes","No","No","No","No","|no|","1-2 d","18_17763510"
"Moderate",9,"No","No","No","Mild","Yes","No","Yes","Yes","Yes","No","Yes","Yes","No","Yes","Yes","Moderate","Yes","No","No","No","Yes","No","Yes","No","No","No","No","|no|","0-1","19_17808771"
"Moderate",3,"No","No","No","Mild","Yes","No","Yes","Yes","Yes","No","Yes","Yes","Yes","Yes","Yes","Moderate","Yes","Yes","No","Yes","Yes","Yes","No","Yes","No","No","No","|no|","1-2 d","19_17393784"
"Moderate",8,"No","No","No","Mild","No","No","Yes","Yes","Yes","No","No","No","Yes","No","Yes","Moderate","No","No","No","Yes","Yes","No","No","No","No","No","No","|yes|","0-1","19_17689395"
"Moderate",7,"No","No","No","Mild","No","No","Yes","Yes","Yes","No","No","Yes","No","Yes","No","None","No","No","No","Yes","Yes","No","Yes","No","No","No","No","|no|","1-2 d","19_17726721"
"Severe",3,"No","Yes","No","Mild","Yes","No","Yes","Yes","Yes","No","No","Yes","Yes","Yes","Yes","Mild","No","No","No","Yes","Yes","Yes","No","No","No","No","Yes","|no|","0-1","19_17732376"
"Moderate",4,"No","Yes","No","Mild","No","No","Yes","Yes","Yes","No","No","Yes","No","Yes","Yes","Mild","No","No","No","Yes","Yes","No","Yes","No","No","No","Yes","|no|","1-2 d","19_17745720"
"Severe",3,"No","Yes","No","Moderate","Yes","No","Yes","Yes","Yes","No","No","Yes","Yes","Yes","Yes","Moderate","No","No","No","No","Yes","No","Yes","No","No","No","Yes","|no|","1-2 d","20_17716401"
"Mild",5,"No","Yes","No","Mild","No","No","Yes","Yes","Yes","No","No","Yes","Yes","No","No","Mild","No","No","No","Yes","Yes","No","No","No","No","No","No","|no|","3+","20_17704734"
"Severe",7,"No","No","No","Moderate","Yes","Yes","Yes","Yes","Yes","Yes","No","Yes","No","Yes","No","Moderate","No","Yes","No","Yes","No","Yes","No","No","No","No","Yes","|no|","0-1","20_17729403"
"Moderate",6,"Yes","No","No","Severe","No","Yes","No","No","Yes","No","Yes","Yes","Yes","Yes","No","Mild","No","No","No","Yes","No","Yes","Yes","No","No","No","No","|no|","1-2 d","20_17732937"
"Moderate",2,"No","Yes","No","Mild","Yes","Yes","Yes","Yes","Yes","No","Yes","Yes","No","Yes","No","Mild","No","No","No","Yes","Yes","No","Yes","No","No","No","Yes","|no|","3+","20_17503353"
"Severe",8,"No","Yes","No","Moderate","Yes","Yes","Yes","No","Yes","No","No","Yes","Yes","No","Yes","Moderate","No","Yes","Yes","Yes","Yes","Yes","Yes","No","No","No","Yes","|no|","0-1","23_17737866"
NA,NA,NA,NA,NA,NA,NA,NA,NA,NA,NA,NA,NA,NA,NA,NA,NA,NA,NA,NA,NA,NA,NA,NA,NA,NA,NA,NA,NA,NA,NA,"23_17806683"
NA,NA,NA,NA,NA,NA,NA,NA,NA,NA,NA,NA,NA,NA,NA,NA,NA,NA,NA,NA,NA,NA,NA,NA,NA,NA,NA,NA,NA,NA,NA,"23_17687691"
"Moderate",3,"No","Yes","No","Mild","Yes","Yes","Yes","No","Yes","No","No","Yes","Yes","Yes","No","Mild","No","Yes","No","Yes","No","No","No","No","No","No","No","|no|","0-1","24_17779500"
"Severe",4,"No","Yes","Yes","Moderate","Yes","Yes","Yes","Yes","Yes","No","Yes","Yes","Yes","Yes","No","Severe","No","No","No","Yes","Yes","No","No","No","No","No","Yes","|no|","1-2 d","24_17780052"
"Moderate",5,"No","No","No","Moderate","No","Yes","Yes","No","Yes","No","No","Yes","Yes","Yes","No","Mild","No","Yes","No","Yes","Yes","Yes","No","No","No","No","No","|no|","1-2 d","24_17795439"
"Moderate",0,"No","No","No","Moderate","Yes","No","Yes","Yes","Yes","No","No","Yes","Yes","Yes","Yes","Mild","No","No","No","Yes","Yes","No","Yes","No","No","No","No","|yes|","1-2 d","24_17829057"
"Moderate",2,"No","No","No","Moderate","No","No","Yes","No","Yes","No","No","Yes","No","Yes","Yes","Moderate","No","No","No","No","Yes","No","No","No","No","No","No","|no|","0-1","24_17748588"
NA,NA,NA,NA,NA,NA,NA,NA,NA,NA,NA,NA,NA,NA,NA,NA,NA,NA,NA,NA,NA,NA,NA,NA,NA,NA,NA,NA,NA,NA,NA,"24_17809869"
"Moderate",4,"No","Yes","No","Moderate","Yes","Yes","Yes","No","Yes","No","No","Yes","Yes","Yes","Yes","Mild","Yes","No","No","Yes","Yes","Yes","No","No","No","No","Yes","|yes|","1-2 d","24_17668155"
"Moderate",4,"No","Yes","No","None","Yes","No","Yes","Yes","Yes","No","No","Yes","No","Yes","Yes","Mild","No","Yes","No","Yes","Yes","Yes","Yes","No","No","No","No","|no|","0-1","24_17717427"
"None",3,"No","Yes","No","Severe","No","No","Yes","No","No","No","No","Yes","Yes","Yes","No","Severe","No","Yes","No","Yes","No","No","No","Yes","No","No","No","|no|","0-1","25_17564730"
"Severe",8,"Yes","No","No","Moderate","Yes","Yes","Yes","Yes","Yes","Yes","No","Yes","Yes","No","Yes","Moderate","No","No","No","No","Yes","Yes","No","No","No","No","Yes","|no|","1-2 d","25_17755188"
"Mild",2,"No","Yes","No","Mild","Yes","No","Yes","Yes","Yes","No","No","Yes","Yes","Yes","No","Mild","Yes","No","No","Yes","No","No","No","No","No","Yes","No","|no|","1-2 d","25_17711457"
"Severe",6,"No","Yes","No","Mild","Yes","Yes","Yes","Yes","Yes","No","No","Yes","Yes","Yes","No","Moderate","No","Yes","No","Yes","Yes","No","No","Yes","No","Yes","No","|no|","0-1","26_17719029"
"Moderate",3,"No","No","No","Moderate","No","No","Yes","No","Yes","No","No","Yes","No","Yes","Yes","Mild","No","No","No","Yes","No","No","No","Yes","No","Yes","No","|no|","0-1","26_17716533"
"Moderate",5,"No","No","No","Moderate","No","No","Yes","No","Yes","No","No","Yes","Yes","Yes","No","Mild","No","No","No","No","Yes","No","No","No","No","No","No","|no|","1-2 d","26_17782218"
"None",10,"No","Yes","No","Moderate","No","No","Yes","Yes","No","No","No","Yes","Yes","No","No","None","Yes","No","No","Yes","Yes","No","Yes","No","No","No","No","|no|","0-1","26_17797188"
"Moderate",5,"No","Yes","No","Moderate","Yes","No","Yes","No","Yes","No","No","Yes","Yes","Yes","No","Moderate","No","No","No","Yes","Yes","No","No","No","No","No","No","|no|","0-1","26_17781888"
"Moderate",3,"No","No","No","Mild","No","No","Yes","Yes","Yes","No","No","Yes","Yes","Yes","No","Mild","No","No","No","No","Yes","Yes","Yes","No","No","No","Yes","|no|","3+","26_17690262"
"Moderate",1,"No","No","No","Mild","No","No","Yes","Yes","Yes","No","No","Yes","Yes","No","Yes","Mild","No","No","No","No","Yes","No","Yes","No","No","No","No","|no|","1-2 d","27_17769360"
"Moderate",6,"No","No","No","Moderate","No","No","Yes","Yes","Yes","No","No","Yes","Yes","Yes","No","Moderate","No","Yes","No","Yes","Yes","No","Yes","No","No","No","Yes","|no|","0-1","27_17802333"
"Mild",10,"No","No","No","Moderate","Yes","Yes","Yes","Yes","Yes","No","No","Yes","Yes","Yes","Yes","Mild","No","No","No","No","Yes","No","No","No","No","No","No","|no|","0-1","30_17687214"
"Moderate",6,"No","No","No","Mild","No","No","Yes","Yes","Yes","No","No","Yes","Yes","Yes","No","Mild","No","Yes","Yes","Yes","Yes","No","Yes","No","No","No","No","|no|","0-1","30_17794188"
"Mild",9,"No","No","No","Mild","No","No","No","Yes","Yes","No","No","Yes","Yes","Yes","No","Mild","No","No","No","Yes","Yes","No","No","No","No","No","No","|no|","1-2 d","31_17747760"
"Moderate",0,"No","Yes","No","Severe","No","Yes","Yes","Yes","Yes","No","Yes","Yes","Yes","Yes","Yes","Severe","Yes","Yes","Yes","Yes","Yes","Yes","Yes","Yes","No","Yes","No","|no|","0-1","31_17730756"
"Severe",3,"No","No","No","Severe","Yes","No","Yes","Yes","Yes","No","No","Yes","Yes","Yes","Yes","Severe","No","No","No","Yes","Yes","No","Yes","Yes","No","No","No","|no|","0-1","31_17737572"
"Severe",1,"Yes","No","No","Moderate","Yes","Yes","Yes","Yes","Yes","Yes","Yes","Yes","No","Yes","Yes","Severe","Yes","Yes","Yes","Yes","Yes","Yes","Yes","Yes","No","Yes","Yes","|no|","1-2 d","31_17711931"
"Mild",5,"No","No","No","Moderate","No","No","Yes","Yes","Yes","No","No","Yes","Yes","Yes","No","Moderate","No","No","No","No","Yes","No","Yes","No","No","No","No","|no|","0-1","32_17750517"
"Moderate",6,"No","No","No","Moderate","Yes","Yes","Yes","Yes","Yes","No","Yes","Yes","No","Yes","No","Moderate","No","No","No","Yes","Yes","Yes","No","No","No","No","Yes","|no|","1-2 d","32_17796207"
"Mild",7,"No","Yes","No","Mild","No","No","No","Yes","Yes","No","Yes","Yes","Yes","Yes","No","Moderate","No","No","No","Yes","Yes","No","Yes","Yes","No","No","No","|no|","1-2 d","32_17808270"
"Moderate",8,"No","Yes","No","Moderate","Yes","No","Yes","Yes","Yes","No","Yes","Yes","Yes","Yes","Yes","Severe","Yes","No","No","Yes","Yes","No","Yes","Yes","No","No","No","|no|","0-1","32_17791491"
"Severe",3,"No","No","No","Severe","Yes","Yes","Yes","Yes","Yes","Yes","No","Yes","Yes","Yes","Yes","Moderate","Yes","Yes","No","No","Yes","Yes","Yes","No","No","No","No","|no|","0-1","33_17807295"
"Mild",7,"No","Yes","No","Mild","Yes","No","Yes","Yes","Yes","No","No","Yes","Yes","Yes","No","Mild","No","Yes","No","Yes","Yes","Yes","Yes","Yes","No","No","No","|no|","1-2 d","33_17774529"
"Moderate",7,"No","No","No","None","Yes","No","No","Yes","Yes","No","No","No","No","No","No","None","No","No","No","Yes","Yes","No","Yes","No","No","No","Yes","|yes|","0-1","34_17732760"
"Moderate",7,"No","No","No","Mild","No","No","Yes","Yes","Yes","No","No","Yes","No","Yes","No","Moderate","No","No","No","Yes","Yes","Yes","No","No","No","No","No","|no|","0-1","34_17777373"
"Mild",3,"No","No","No","Moderate","No","No","Yes","Yes","No","No","No","Yes","Yes","Yes","No","Moderate","Yes","No","Yes","No","Yes","No","Yes","No","No","No","No","|no|","1-2 d","37_17729457"
"Mild",6,"No","Yes","No","Moderate","Yes","Yes","Yes","Yes","Yes","No","No","Yes","Yes","Yes","No","Severe","No","Yes","Yes","Yes","Yes","Yes","Yes","Yes","No","No","Yes","|no|","3+","37_17669628"
