"Resp.Hx.Onset.Duration","Resp.Hx.AbdPain","Resp.Hx.CCong","Resp.Hx.CP","Resp.Hx.Chills","Resp.Hx.Diarrhea","Resp.Hx.Earpain","Resp.Hx.Emesis","Resp.Hx.Eyeirritation","Resp.Hx.Facepain","Resp.Hx.Fatigue","Resp.Hx.Fever","Resp.Hx.HA","Resp.Hx.JP","Resp.Hx.Myalgias","Resp.Hx.NasalDC","Resp.Hx.Nasalcongestion","Resp.Hx.Nausea","Resp.Hx.PND","Resp.Hx.Retroorbitalpain","Resp.Hx.SOB","Resp.Hx.Sneeze","Resp.Hx.Sorethroat","Resp.Hx.Sputum","Resp.Hx.SubStBurn","Resp.Hx.Swollennodes","Resp.Hx.VoiceLoss","Resp.Hx.Wheeze","Resp.Hx.cough","Resp.Hx.sinuspressure","temp1","Unique.Visit"
"3",NA,"Plus","Plus","Plus",NA,"Minus",NA,"Minus","Minus","Plus","Plus","Plus","Minus","Minus","Minus","Minus","Plus","Minus","Minus","Plus","Minus","Plus","Minus","Minus","Minus","Minus","Plus","Plus","Minus",98.1,"6_17672235"
NA,NA,NA,NA,NA,NA,NA,NA,NA,NA,NA,NA,NA,NA,NA,NA,NA,NA,NA,NA,NA,NA,NA,NA,NA,NA,NA,NA,NA,NA,NA,"11_17677581"
"2",NA,"Minus","Minus","Plus",NA,"Plus",NA,"Minus","Minus","Plus","Plus","Plus","Minus","Plus","Plus","Plus",NA,"Minus","Plus","Minus","Plus","Plus","Minus","Minus","Plus","Minus","Minus","Plus","Minus",98.5,"11_17800530"
"2","Plus","Plus","Minus","Plus","Minus","Minus","Minus","Minus","Minus","Plus","Plus","Plus","Minus","Plus","Plus","Plus","Plus","Minus","Minus","Plus","Plus","Plus","Plus","Plus","Minus","Minus","Minus","Plus","Minus",98,"11_17675355"
"2",NA,"Minus","Minus","Plus",NA,"Minus",NA,"Minus","Minus","Plus","Plus","Plus","Plus","Plus","Plus","Plus",NA,"Minus","Minus","Minus","Minus","Plus","Minus","Plus","Minus","Minus","Minus","Plus","Minus",98.4,"11_17833551"
"3",NA,"Plus","Minus","Plus",NA,"Minus",NA,"Minus","Minus","Plus","Plus","Plus","Minus","Plus","Plus","Plus",NA,"Plus","Minus","Minus","Minus","Plus","Plus","Minus","Minus","Minus","Minus","Plus","Plus",98.8,"12_17755014"
"1",NA,"Minus","Minus","Plus",NA,"Minus",NA,"Minus","Minus","Plus","Plus","Plus","Plus","Plus","Plus","Plus",NA,"Minus","Plus","Minus","Minus","Plus","Minus","Plus","Minus","Minus","Minus","Plus","Minus",98.5,"12_17675220"
"3",NA,"Minus","Minus","Plus",NA,"Minus",NA,"Minus","Minus","Plus","Plus","Minus","Minus","Plus","Plus","Plus",NA,"Plus","Minus","Minus","Minus","Minus","Plus","Plus","Minus","Minus","Minus","Plus","Minus",99.2,"13_17817543"
"1",NA,"Plus","Minus","Plus",NA,"Minus",NA,"Minus","Minus","Plus","Plus","Plus","Plus","Plus","Plus","Plus",NA,"Minus","Minus","Minus","Minus","Plus","Minus","Minus","Minus","Minus","Minus","Plus","Minus",99,"13_17752200"
"2",NA,"Minus","Minus","Plus","Minus","Minus","Plus","Minus","Minus","Plus","Plus","Plus","Plus","Plus","Plus","Plus","Plus","Minus","Plus","Minus","Minus","Plus","Minus","Plus","Minus","Minus","Minus","Plus","Minus",100.4,"17_17801574"
NA,NA,NA,NA,NA,NA,NA,NA,NA,NA,NA,NA,NA,NA,NA,NA,NA,NA,NA,NA,NA,NA,NA,NA,NA,NA,NA,NA,NA,NA,NA,"17_17794404"
"4",NA,"Minus","Minus","Plus","Minus","Minus","Minus","Minus","Minus","Plus","Plus","Plus","Plus","Plus","Plus","Plus","Minus","Minus","Plus","Minus","Minus","Plus","Minus","Plus","Minus","Minus","Minus","Plus","Minus",98.5,"17_17602635"
"1",NA,"Minus","Minus","Plus",NA,"Minus",NA,"Minus","Minus","Plus","Plus","Plus","Plus","Plus","Plus","Plus",NA,"Minus","Plus","Minus","Minus","Plus","Minus","Plus","Minus","Minus","Minus","Plus","Minus",98.9,"17_17600376"
"4",NA,"Plus","Minus","Plus",NA,"Minus",NA,"Minus","Minus","Plus","Plus","Plus","Minus","Plus","Plus","Plus","Plus","Plus","Minus","Minus","Minus","Plus","Plus","Minus","Minus","Minus","Minus","Plus","Minus",99.3,"18_17783649"
"3","Minus","Plus","Plus","Plus","Minus","Minus","Minus","Minus","Minus","Plus","Minus","Plus","Minus","Minus","Plus","Plus","Minus","Plus","Minus","Plus","Plus","Plus","Minus","Minus","Plus","Minus","Plus","Plus","Minus",98.1,"19_17745762"
"2",NA,"Minus","Minus","Plus",NA,"Minus",NA,"Minus","Minus","Plus","Plus","Minus","Plus","Plus","Plus","Plus",NA,"Minus","Minus","Minus","Minus","Plus","Minus","Plus","Minus","Minus","Minus","Plus","Minus",99.7,"19_17727906"
"3","Minus","Minus","Minus","Plus","Minus","Minus","Plus","Minus","Minus","Plus","Plus","Plus","Plus","Plus","Plus","Plus","Minus","Minus","Plus","Minus","Minus","Plus","Plus","Plus","Minus","Minus","Minus","Plus","Minus",102.1,"19_17726574"
"2",NA,"Minus","Minus","Plus",NA,"Minus",NA,"Minus","Minus","Plus","Plus","Plus","Minus","Plus","Plus","Plus",NA,"Plus","Minus","Minus","Minus","Plus","Minus","Minus","Minus","Minus","Minus","Plus","Minus",103,"20_17754606"
"1",NA,"Minus","Minus","Plus",NA,"Minus",NA,"Minus","Minus","Plus","Plus","Plus","Plus","Plus","Plus","Plus",NA,"Minus","Plus","Minus","Minus","Plus","Minus","Plus","Minus","Minus","Minus","Plus","Minus",98.9,"20_17804445"
"2",NA,"Minus","Minus","Minus",NA,"Minus",NA,"Minus","Minus","Plus","Minus","Minus","Minus","Plus","Plus","Plus",NA,"Plus","Minus","Minus","Minus","Plus","Minus","Minus","Minus","Minus","Minus","Plus","Minus",98.2,"20_17806545"
"2","Minus","Minus","Minus","Plus","Minus","Minus","Minus","Minus","Minus","Plus","Plus","Plus","Plus","Plus","Plus","Plus","Minus","Minus","Plus","Minus","Minus","Plus","Minus","Plus","Minus","Minus","Minus","Plus","Minus",97.8,"20_17746431"
"1",NA,"Minus","Minus","Plus",NA,"Minus",NA,"Minus","Minus","Plus","Plus","Plus","Minus","Plus","Plus","Plus",NA,"Minus","Minus","Minus","Minus","Plus","Minus","Minus","Minus","Minus","Minus","Plus","Minus",97.8,"26_17685168"
"4","Minus","Minus","Minus","Minus","Minus","Minus","Minus","Minus","Minus","Plus","Minus","Plus","Minus","Minus","Plus","Plus","Minus","Plus","Minus","Minus","Plus","Plus","Minus","Minus","Minus","Minus","Minus","Plus","Plus",97.5,"26_17798286"
"7",NA,"Plus","Minus","Plus",NA,"Minus",NA,"Minus","Minus","Minus","Plus","Minus","Minus","Minus","Plus","Plus",NA,"Plus","Minus","Minus","Minus","Plus","Minus","Minus","Minus","Minus","Minus","Plus","Plus",98.5,"26_17677131"
"1",NA,"Minus","Minus","Plus",NA,"Minus",NA,"Minus","Minus","Plus","Plus","Plus","Plus","Plus","Plus","Plus",NA,"Minus","Plus","Minus","Minus","Plus","Minus","Minus","Minus","Minus","Minus","Plus","Minus",99.4,"26_17670927"
"4",NA,"Minus","Minus","Plus",NA,"Minus",NA,"Plus","Minus","Plus","Plus","Plus","Plus","Plus","Plus","Plus",NA,"Minus","Plus","Minus","Minus","Plus","Minus","Plus","Minus","Minus","Minus","Plus","Minus",98.6,"26_17746206"
"1",NA,"Minus","Minus","Plus",NA,"Minus",NA,"Minus","Minus","Plus","Plus","Plus","Plus","Plus","Plus","Plus",NA,"Minus","Plus","Minus","Minus","Plus","Minus","Plus","Minus","Minus","Minus","Plus","Minus",101.9,"27_17732235"
"7",NA,"Minus","Minus","Plus",NA,"Minus","Minus","Minus","Minus","Plus","Minus","Plus","Minus","Plus","Plus","Plus","Minus","Minus","Minus","Minus","Minus","Plus","Minus","Minus","Plus","Minus","Minus","Plus","Minus",97.5,"27_17792832"
"1",NA,"Plus","Minus","Plus",NA,"Minus",NA,"Minus","Minus","Plus","Plus","Plus","Plus","Plus","Plus","Plus",NA,"Minus","Plus","Minus","Minus","Plus","Minus","Plus","Minus","Minus","Minus","Plus","Minus",98.5,"27_17714685"
"2","Minus","Minus","Minus","Plus","Minus","Minus","Minus","Minus","Minus","Plus","Plus","Plus","Plus","Plus","Minus","Minus","Minus","Minus","Plus","Minus","Minus","Plus","Minus","Plus","Minus","Minus","Minus","Plus","Minus",98.7,"27_17725770"
"2",NA,"Minus","Minus","Plus",NA,"Minus",NA,"Minus","Minus","Plus","Plus","Plus","Plus","Plus","Plus","Plus",NA,"Minus","Plus","Minus","Minus","Plus","Minus","Plus","Minus","Minus","Minus","Plus","Minus",98.6,"30_17740578"
"2",NA,"Minus","Minus","Plus",NA,"Minus",NA,"Minus","Minus","Plus","Plus","Plus","Plus","Plus","Plus","Plus","Minus","Minus","Plus","Minus","Minus","Plus","Minus","Plus","Minus","Minus","Minus","Plus","Minus",98.1,"31_17676234"
"1",NA,"Minus","Minus","Plus",NA,"Minus",NA,"Minus","Minus","Plus","Plus","Plus","Plus","Plus","Plus","Plus",NA,"Minus","Plus","Minus","Minus","Plus","Minus","Plus","Minus","Minus","Minus","Plus","Minus",98,"31_17835492"
"2","Minus","Minus","Minus","Plus","Minus","Minus","Minus","Minus","Minus","Plus","Plus","Plus","Plus","Plus","Plus","Plus","Plus","Minus","Plus","Minus","Minus","Plus","Minus","Plus","Minus","Minus","Minus","Plus","Minus",102.2,"32_17799441"
"3",NA,"Minus","Minus","Plus",NA,"Minus",NA,"Minus","Minus","Plus","Plus","Plus","Plus","Plus","Plus","Plus",NA,"Minus","Plus","Minus","Minus","Plus","Minus","Plus","Minus","Minus","Minus","Plus","Minus",98.3,"32_17740992"
"5",NA,"Minus","Minus","Plus","Plus","Minus",NA,"Minus","Minus","Plus","Plus","Plus","Plus","Plus","Plus","Plus",NA,"Minus","Plus","Minus","Minus","Plus","Minus","Plus","Minus","Minus","Minus","Plus","Minus",98.8,"32_17800752"
"5",NA,"Plus","Plus","Plus",NA,"Minus",NA,"Minus","Minus","Plus","Plus","Plus","Plus","Plus","Plus","Plus","Plus","Minus","Plus","Plus","Plus","Plus","Plus","Minus","Minus","Minus","Plus","Plus","Minus",97.8,"33_17800929"
"2",NA,"Minus","Minus","Plus",NA,"Minus",NA,"Minus","Minus","Plus","Plus","Plus","Plus","Plus","Plus","Plus",NA,"Minus","Plus","Minus","Minus","Plus","Minus","Plus","Minus","Minus","Minus","Plus","Minus",101.9,"33_17693637"
"1","Minus","Plus","Plus","Plus","Minus","Minus","Minus","Minus","Minus","Plus","Plus","Plus","Minus","Plus","Plus","Plus","Minus","Plus","Minus","Plus","Minus","Plus","Minus","Minus","Minus","Minus","Minus","Plus","Plus",100.5,"34_17681877"
"2",NA,"Minus","Minus","Plus",NA,"Minus",NA,"Minus","Minus","Plus","Plus","Plus","Plus","Plus","Plus","Plus",NA,"Minus","Plus","Minus","Minus","Plus","Minus","Plus","Minus","Minus","Minus","Plus","Minus",98.4,"34_17527134"
"4",NA,"Minus","Minus","Plus",NA,"Minus",NA,"Minus","Minus","Plus","Plus","Plus","Plus","Plus","Plus","Plus",NA,"Minus","Plus","Minus","Minus","Plus","Minus","Plus","Minus","Minus","Minus","Plus","Minus",98.4,"37_17719086"
"3","Minus","Plus","Minus","Plus","Minus","Minus","Minus","Minus","Minus","Plus","Plus","Plus","Minus","Plus","Plus","Plus","Plus","Plus","Minus","Plus","Minus","Plus","Minus","Minus","Plus","Minus","Plus","Plus","Minus",100.9,"4_17738970"
"3","Minus","Minus","Minus","Minus","Minus","Minus","Minus","Minus","Minus","Minus","Minus","Minus","Minus","Minus","Plus","Plus","Plus","Plus","Minus","Minus","Minus","Plus","Minus","Plus","Minus","Minus","Minus","Plus","Plus",99.7,"4_17795787"
"2",NA,"Minus","Minus","Plus",NA,"Minus","Minus","Minus","Minus","Plus","Plus","Plus","Plus","Minus","Plus","Plus","Plus","Plus","Minus","Minus","Minus","Minus","Minus","Minus","Plus","Minus","Plus","Plus","Minus",99.3,"4_17714832"
"3",NA,"Minus","Minus","Plus","Minus","Minus","Minus","Minus","Minus","Minus","Plus","Plus","Minus","Plus","Plus","Plus","Minus","Minus","Minus","Minus","Minus","Plus","Minus","Minus","Minus","Plus","Minus","Plus","Plus",99.3,"5_17788560"
"3",NA,"Minus","Minus","Plus",NA,"Minus","Minus","Minus","Minus","Minus","Plus","Plus","Minus","Minus","Plus","Plus","Minus","Minus","Minus","Minus","Minus","Plus","Minus","Minus","Plus","Plus","Minus","Plus","Plus",98,"5_17535618"
"2",NA,"Minus","Minus","Plus",NA,"Minus",NA,"Minus","Minus","Plus","Minus","Plus","Plus","Plus","Plus","Plus",NA,"Minus","Minus","Minus","Minus","Plus","Minus","Plus","Minus","Minus","Minus","Plus","Minus",98.7,"6_17679987"
"3","Minus","Plus","Plus","Minus","Minus","Minus","Plus","Minus","Minus","Plus","Plus","Plus","Minus","Plus","Plus","Plus","Plus","Plus","Minus","Plus","Minus","Plus","Plus","Plus","Minus","Minus","Plus","Plus","Plus",98.1,"9_17742543"
"1","Minus","Plus","Minus","Plus","Minus","Minus","Minus","Minus","Minus","Plus","Plus","Minus","Minus","Minus","Plus","Plus","Plus","Minus","Minus","Minus","Plus","Plus","Minus","Minus","Minus","Minus","Minus","Plus","Minus",98.4,"9_17561040"
"2",NA,"Plus","Minus","Plus","Plus","Minus",NA,"Minus","Minus","Plus","Plus","Plus","Minus","Plus","Plus","Plus","Plus","Plus","Minus","Minus","Minus","Plus","Minus","Minus","Minus","Minus","Minus","Plus","Plus",98.7,"9_17738895"
"2",NA,"Minus","Minus","Plus",NA,"Minus",NA,"Minus","Minus","Plus","Plus","Plus","Plus","Plus","Plus","Plus","Minus","Minus","Plus","Minus","Minus","Plus","Minus","Minus","Minus","Minus","Minus","Plus","Minus",99.6,"10_17457972"
"1",NA,"Minus","Minus","Plus",NA,"Minus",NA,"Minus","Minus","Plus","Plus","Plus","Plus","Plus","Plus","Plus",NA,"Minus","Plus","Minus","Minus","Plus","Minus","Minus","Minus","Minus","Minus","Plus","Minus",99.2,"10_17744955"
"2",NA,"Minus","Minus","Minus",NA,"Minus",NA,"Minus","Minus","Minus","Plus","Minus","Minus","Minus","Minus","Minus",NA,"Minus","Minus","Minus","Minus","Minus","Minus","Minus","Minus","Minus","Plus","Plus","Minus",100,"10_17751429"
"2","Minus","Plus","Minus","Minus","Minus","Plus","Minus","Minus","Minus","Plus","Plus","Plus","Minus","Plus","Plus","Plus","Minus","Plus","Minus","Minus","Minus","Plus","Minus","Minus","Plus","Minus","Minus","Plus","Plus",98.9,"10_17602023"
"5",NA,"Plus","Plus","Plus",NA,"Minus","Minus","Minus","Minus","Minus","Plus","Minus","Minus","Minus","Plus","Plus","Minus","Minus","Minus","Minus","Minus","Plus","Plus","Minus","Minus","Minus","Minus","Plus","Minus",98.3,"10_17607420"
"2",NA,"Minus","Minus","Plus",NA,"Minus",NA,"Minus","Plus","Plus","Plus","Plus","Plus","Plus","Plus","Plus",NA,"Minus","Plus","Minus","Minus","Plus","Minus","Plus","Minus","Minus","Minus","Plus","Plus",99.4,"10_17677581"
"3",NA,"Minus","Minus","Plus","Plus","Minus","Minus","Minus","Minus","Plus","Plus","Plus","Plus","Plus","Minus","Plus","Plus","Minus","Plus","Minus","Minus","Plus","Minus","Plus","Minus","Minus","Minus","Plus","Minus",99.9,"11_17674773"
"1","Plus","Minus","Plus","Plus","Minus","Plus","Minus","Minus","Plus","Plus","Plus","Plus","Plus","Plus","Plus","Plus","Minus","Plus","Plus","Plus","Plus","Plus","Minus","Plus","Plus","Minus","Plus","Plus","Plus",99,"11_17735676"
"3",NA,"Minus","Minus","Plus",NA,"Minus",NA,"Minus","Minus","Minus","Plus","Minus","Minus","Minus","Plus","Plus",NA,"Minus","Minus","Minus","Minus","Minus","Minus","Minus","Minus","Minus","Minus","Plus","Minus",98.1,"11_17737014"
"3",NA,"Plus","Minus","Plus",NA,"Minus",NA,"Minus","Minus","Minus","Minus","Minus","Minus","Plus","Plus","Plus",NA,"Minus","Minus","Minus","Plus","Plus","Minus","Minus","Minus","Minus","Minus","Plus","Minus",98.7,"11_17736372"
"1",NA,"Minus","Minus","Minus",NA,"Minus",NA,"Minus","Minus","Minus","Minus","Minus","Minus","Minus","Plus","Plus",NA,"Minus","Minus","Minus","Minus","Plus","Minus","Minus","Minus","Minus","Minus","Plus","Minus",98.9,"12_17806293"
"3",NA,"Plus","Plus","Minus",NA,"Minus",NA,"Plus","Minus","Minus","Minus","Minus","Minus","Minus","Plus","Plus",NA,"Minus","Minus","Plus","Plus","Plus","Minus","Minus","Minus","Minus","Plus","Plus","Plus",98.9,"12_17597877"
"2","Minus","Minus","Plus","Plus","Minus","Plus","Minus","Minus","Minus","Plus","Plus","Plus","Plus","Plus","Plus","Plus","Minus","Minus","Minus","Minus","Plus","Plus","Minus","Minus","Minus","Minus","Minus","Plus","Minus",99.3,"12_17622003"
"1","Plus","Minus","Minus","Plus",NA,"Minus","Plus","Plus","Minus","Minus","Plus","Plus","Minus","Minus","Minus","Minus","Plus","Minus","Minus","Plus","Minus","Plus","Minus","Minus","Minus","Minus","Plus","Plus","Minus",98.9,"12_17671077"
"1",NA,"Plus","Minus","Plus",NA,"Minus",NA,"Minus","Minus","Plus","Plus","Plus","Plus","Plus","Plus","Plus",NA,"Minus","Plus","Minus","Minus","Plus","Minus","Plus","Minus","Minus","Minus","Plus","Minus",101.1,"13_17635161"
"3",NA,"Minus","Minus","Plus",NA,"Minus",NA,"Minus","Minus","Plus","Plus","Plus","Minus","Minus","Plus","Plus","Plus","Minus","Plus","Minus","Minus","Plus","Minus","Minus","Plus","Plus","Minus","Plus","Minus",98.2,"13_17791854"
"4",NA,"Minus","Minus","Plus","Minus","Minus","Minus","Minus","Minus","Plus","Plus","Plus","Plus","Plus","Plus","Plus","Plus","Minus","Plus","Minus","Minus","Plus","Minus","Plus","Minus","Minus","Minus","Plus","Minus",101,"13_17804799"
"2",NA,"Plus","Minus","Plus",NA,"Minus",NA,"Minus","Minus","Plus","Plus","Plus","Plus","Plus","Plus","Plus",NA,"Minus","Minus","Minus","Minus","Plus","Minus","Minus","Minus","Minus","Minus","Plus","Minus",99,"13_17797560"
"4",NA,"Minus","Minus","Plus",NA,"Plus",NA,"Minus","Minus","Plus","Plus","Plus","Plus","Plus","Plus","Plus",NA,"Minus","Minus","Minus","Minus","Plus","Minus","Plus","Minus","Minus","Minus","Plus","Minus",97.8,"13_17691780"
"2",NA,"Minus","Minus","Plus",NA,"Minus",NA,"Minus","Minus","Plus","Plus","Plus","Plus","Plus","Plus","Plus",NA,"Minus","Plus","Minus","Minus","Plus","Minus","Plus","Minus","Minus","Minus","Plus","Minus",100.4,"13_17813193"
"4",NA,"Minus","Minus","Plus",NA,"Minus",NA,"Minus","Minus","Plus","Plus","Plus","Minus","Plus","Plus","Plus",NA,"Minus","Plus","Plus","Minus","Plus","Minus","Plus","Minus","Minus","Plus","Plus","Minus",98.6,"17_17608311"
"2","Minus","Plus","Minus","Plus","Minus","Minus","Minus","Minus","Minus","Plus","Plus","Plus","Minus","Plus","Plus","Plus","Plus","Plus","Minus","Minus","Minus","Plus","Minus","Minus","Minus","Minus","Minus","Plus","Plus",102.2,"17_17735682"
"1","Minus","Minus","Minus","Plus","Minus","Minus","Minus","Minus","Plus","Plus","Plus","Plus","Plus","Plus","Plus","Plus","Minus","Minus","Plus","Minus","Minus","Plus","Plus","Plus","Minus","Minus","Minus","Plus","Plus",98.8,"17_17669805"
"2",NA,"Minus","Minus","Plus",NA,"Minus","Minus","Minus","Minus","Plus","Plus","Plus","Plus","Plus","Plus","Plus","Plus","Minus","Minus","Minus","Plus","Plus","Minus","Minus","Minus","Minus","Minus","Plus","Minus",99,"17_17631951"
"3",NA,"Minus","Minus","Plus","Minus","Minus","Minus","Minus","Minus","Plus","Plus","Plus","Plus","Plus","Plus","Plus","Minus","Minus","Plus","Minus","Minus","Plus","Minus","Plus","Minus","Minus","Minus","Plus","Minus",100.1,"17_17728833"
"2",NA,"Minus","Minus","Plus","Minus","Minus","Minus","Minus","Minus","Plus","Plus","Plus","Plus","Plus","Plus","Plus","Minus","Minus","Plus","Minus","Minus","Plus","Minus","Plus","Minus","Minus","Minus","Plus","Minus",98.9,"17_17633058"
"2",NA,"Plus","Minus","Plus",NA,"Minus",NA,"Minus","Minus","Plus","Plus","Plus","Plus","Plus","Plus","Plus",NA,"Minus","Minus","Minus","Minus","Plus","Minus","Minus","Plus","Minus","Minus","Plus","Minus",98.5,"17_17751948"
"1",NA,"Minus","Minus","Plus","Plus","Minus","Plus","Minus","Minus","Minus","Plus","Minus","Minus","Minus","Plus","Plus","Plus","Plus","Minus","Minus","Minus","Minus","Minus","Plus","Minus","Minus","Minus","Plus","Minus",99.6,"17_17769744"
"2",NA,"Plus","Minus","Minus",NA,"Minus",NA,"Minus","Plus","Minus","Minus","Plus","Minus","Minus","Plus","Plus","Minus","Plus","Minus","Minus","Minus","Plus","Minus","Minus","Minus","Minus","Minus","Plus","Plus",98,"17_17734623"
"3",NA,"Minus","Minus","Plus",NA,"Plus",NA,"Minus","Minus","Plus","Plus","Plus","Plus","Plus","Plus","Plus","Plus","Plus","Plus","Minus","Plus","Plus","Plus","Plus","Minus","Minus","Minus","Plus","Plus",98.5,"17_17600805"
"4",NA,"Minus","Minus","Plus","Minus","Minus","Minus","Minus","Minus","Plus","Plus","Plus","Plus","Plus","Plus","Plus","Plus","Minus","Plus","Minus","Minus","Plus","Minus","Plus","Minus","Minus","Minus","Plus","Minus",101.9,"18_17741733"
"1","Plus","Minus","Minus","Plus","Plus","Minus","Plus","Minus","Minus","Plus","Plus","Plus","Plus","Plus","Minus","Plus",NA,"Minus","Minus","Minus","Minus","Plus","Minus","Plus","Minus","Minus","Minus","Plus","Minus",98.6,"18_17680779"
"2",NA,"Plus","Plus","Plus",NA,"Minus",NA,"Minus","Plus","Plus","Plus","Plus","Minus","Plus","Plus","Plus",NA,"Plus","Minus","Plus","Plus","Minus","Plus","Minus","Minus","Plus","Plus","Plus","Minus",98.2,"18_17740464"
"2","Minus","Plus","Minus","Plus","Minus","Plus","Minus","Plus","Minus","Plus","Plus","Plus","Minus","Plus","Plus","Plus","Minus","Plus","Minus","Minus","Minus","Plus","Plus","Minus","Plus","Minus","Plus","Plus","Plus",103,"18_17780151"
"3",NA,"Minus","Minus","Plus",NA,"Minus",NA,"Minus","Minus","Plus","Plus","Plus","Plus","Plus","Plus","Plus",NA,"Minus","Plus","Minus","Minus","Plus","Minus","Plus","Minus","Minus","Minus","Plus","Minus",99,"18_17803542"
"2","Minus","Plus","Plus","Plus","Minus","Minus","Minus","Minus","Minus","Plus","Plus","Plus","Plus","Plus","Plus","Plus","Plus","Plus","Minus","Minus","Plus","Plus","Minus","Minus","Plus","Minus","Minus","Plus","Minus",100.3,"18_17763510"
"2",NA,"Minus","Minus","Plus",NA,"Minus",NA,"Minus","Minus","Plus","Plus","Plus","Plus","Plus","Plus","Plus",NA,"Minus","Plus","Minus","Minus","Plus","Minus","Minus","Minus","Minus","Minus","Plus","Minus",98.3,"19_17808771"
"2",NA,"Minus","Minus","Plus",NA,"Minus","Minus","Minus","Minus","Plus","Plus","Plus","Plus","Plus","Plus","Plus","Plus","Minus","Plus","Minus","Minus","Plus","Plus","Minus","Minus","Minus","Minus","Plus","Minus",102.8,"19_17393784"
"4-5 d",NA,"Plus","Minus","Minus",NA,"Minus",NA,"Minus","Minus","Minus","Plus","Minus","Minus","Minus","Plus","Plus",NA,"Plus","Minus","Minus","Minus","Plus","Plus","Minus","Minus","Minus","Minus","Plus","Plus",98,"19_17689395"
"4",NA,"Minus","Minus","Plus",NA,"Minus",NA,"Minus","Minus","Plus","Minus","Plus","Minus","Minus","Plus","Plus",NA,"Plus","Minus","Minus","Minus","Plus","Minus","Minus","Minus","Minus","Minus","Plus","Plus",97.6,"19_17726721"
"3","Minus","Minus","Minus","Plus","Minus","Minus","Minus","Minus","Minus","Plus","Plus","Plus","Plus","Plus","Plus","Plus","Minus","Minus","Plus","Minus","Plus","Plus","Minus","Plus","Minus","Minus","Minus","Plus","Minus",98.4,"19_17732376"
"4",NA,"Minus","Minus","Plus",NA,"Minus",NA,"Minus","Minus","Plus","Minus","Plus","Minus","Minus","Plus","Plus",NA,"Plus","Minus","Minus","Minus","Plus","Minus","Minus","Minus","Minus","Minus","Plus","Plus",98.5,"19_17745720"
"3",NA,"Minus","Minus","Plus",NA,"Minus",NA,"Minus","Minus","Plus","Plus","Plus","Plus","Plus","Plus","Plus",NA,"Minus","Plus","Minus","Minus","Plus","Minus","Plus","Minus","Minus","Minus","Plus","Minus",98.3,"20_17716401"
"2",NA,"Minus","Minus","Plus",NA,"Minus",NA,"Minus","Minus","Plus","Plus","Plus","Minus","Plus","Plus","Plus",NA,"Plus","Minus","Minus","Minus","Plus","Minus","Minus","Minus","Minus","Minus","Plus","Minus",98.9,"20_17704734"
"1",NA,"Minus","Minus","Plus","Plus","Minus","Minus","Minus","Minus","Plus","Plus","Plus","Minus","Plus","Plus","Plus","Plus","Plus","Minus","Minus","Minus","Plus","Minus","Plus","Minus","Minus","Minus","Plus","Plus",99.6,"20_17729403"
"2",NA,"Minus","Minus","Plus",NA,"Minus",NA,"Minus","Minus","Plus","Plus","Plus","Plus","Minus","Plus","Plus","Minus","Minus","Plus","Minus","Minus","Plus","Minus","Plus","Minus","Minus","Minus","Plus","Minus",99.3,"20_17732937"
"7",NA,"Plus","Minus","Plus",NA,"Minus",NA,"Plus","Minus","Plus","Plus","Plus","Minus","Plus","Plus","Plus",NA,"Plus","Minus","Minus","Minus","Plus","Minus","Minus","Minus","Minus","Minus","Plus","Plus",98.5,"20_17503353"
"2",NA,"Minus","Plus","Plus",NA,"Plus",NA,"Minus","Minus","Plus","Plus","Minus","Minus","Plus","Plus","Plus","Plus","Plus","Minus","Plus","Minus","Plus","Minus","Minus","Minus","Minus","Minus","Plus","Plus",99.7,"23_17737866"
NA,NA,NA,NA,NA,NA,NA,NA,NA,NA,NA,NA,NA,NA,NA,NA,NA,NA,NA,NA,NA,NA,NA,NA,NA,NA,NA,NA,NA,NA,NA,"23_17806683"
"2",NA,"Minus","Minus","Plus",NA,"Minus","Minus","Minus","Minus","Plus","Plus","Plus","Minus","Plus","Plus","Plus","Plus","Plus","Minus","Plus","Minus","Plus","Minus","Minus","Minus","Minus","Minus","Plus","Plus",101.8,"23_17687691"
"2","Minus","Minus","Minus","Plus","Minus","Minus","Minus","Minus","Minus","Plus","Plus","Plus","Plus","Plus","Plus","Plus","Plus","Minus","Minus","Minus","Minus","Plus","Minus","Minus","Minus","Minus","Minus","Plus","Minus",99.9,"24_17779500"
"3",NA,"Minus","Minus","Plus",NA,"Minus",NA,"Minus","Minus","Plus","Plus","Plus","Plus","Plus","Plus","Plus",NA,"Minus","Plus","Minus","Minus","Plus","Minus","Plus","Minus","Minus","Minus","Plus","Minus",98.4,"24_17780052"
"2",NA,"Minus","Minus","Plus",NA,"Minus","Minus","Minus","Minus","Plus","Plus","Plus","Minus","Plus","Plus","Plus","Minus","Plus","Minus","Plus","Minus","Plus","Minus","Minus","Minus","Minus","Minus","Plus","Minus",99.9,"24_17795439"
"2",NA,"Minus","Minus","Plus",NA,"Minus",NA,"Minus","Minus","Plus","Plus","Plus","Plus","Plus","Plus","Plus",NA,"Minus","Plus","Minus","Minus","Plus","Minus","Plus","Minus","Minus","Minus","Plus","Minus",99.8,"24_17829057"
"2",NA,"Minus","Minus","Plus",NA,"Minus",NA,"Minus","Minus","Plus","Plus","Plus","Plus","Plus","Plus","Plus",NA,"Minus","Plus","Minus","Minus","Plus","Minus","Plus","Minus","Minus","Minus","Plus","Minus",98.5,"24_17748588"
"1","Minus","Minus","Minus","Plus","Minus","Minus","Plus","Minus","Minus","Plus","Plus","Plus","Plus","Plus","Plus","Plus","Plus","Plus","Minus","Minus","Minus","Plus","Minus","Minus","Plus","Minus","Minus","Minus","Minus",103.1,"24_17809869"
"5",NA,"Minus","Minus","Plus",NA,"Minus",NA,"Minus","Minus","Plus","Plus","Plus","Plus","Plus","Plus","Plus",NA,"Minus","Plus","Minus","Minus","Plus","Minus","Plus","Minus","Minus","Minus","Plus","Minus",98.3,"24_17668155"
"3","Minus","Minus","Minus","Plus","Minus","Minus","Minus","Minus","Minus","Minus","Plus","Plus","Minus","Minus","Plus","Plus","Minus","Plus","Minus","Minus","Minus","Plus","Minus","Minus","Plus","Minus","Minus","Plus","Minus",98.6,"24_17717427"
"2-3 d",NA,"Minus","Minus","Plus",NA,"Minus",NA,"Minus","Minus","Plus","Plus","Plus","Plus","Plus","Plus","Plus",NA,"Minus","Minus","Minus","Minus","Plus","Minus","Minus","Minus","Minus","Minus","Plus","Minus",98.7,"25_17564730"
"3",NA,"Minus","Minus","Plus",NA,"Minus",NA,"Minus","Minus","Plus","Plus","Plus","Plus","Plus","Plus","Plus",NA,"Minus","Minus","Minus","Minus","Plus","Minus","Plus","Minus","Minus","Minus","Plus","Minus",100,"25_17755188"
"2",NA,"Plus","Minus","Plus",NA,"Minus",NA,"Minus","Minus","Plus","Plus","Plus","Minus","Plus","Plus","Plus",NA,"Minus","Plus","Minus","Minus","Plus","Minus","Minus","Minus","Minus","Minus","Plus","Minus",102.8,"25_17711457"
"2",NA,"Minus","Minus","Plus",NA,"Minus",NA,"Minus","Minus","Plus","Plus","Plus","Plus","Plus","Plus","Plus","Plus","Minus","Minus","Minus","Minus","Plus","Minus","Minus","Minus","Minus","Minus","Plus","Minus",99.5,"26_17719029"
"3",NA,"Plus","Minus","Plus",NA,"Minus",NA,"Minus","Minus","Plus","Plus","Plus","Minus","Plus","Plus","Plus","Plus","Minus","Plus","Minus","Minus","Plus","Plus","Minus","Minus","Minus","Minus","Plus","Minus",99,"26_17716533"
"2","Minus","Minus","Minus","Plus","Minus","Minus","Minus","Minus","Minus","Plus","Plus","Plus","Plus","Plus","Plus","Plus","Minus","Minus","Plus","Minus","Minus","Plus","Plus","Plus","Minus","Minus","Minus","Plus","Minus",99,"26_17782218"
"1","Minus","Minus","Minus","Plus","Minus","Minus","Minus","Minus","Minus","Plus","Plus","Plus","Minus","Minus","Plus","Plus","Minus","Plus","Minus","Minus","Minus","Plus","Minus","Minus","Minus","Minus","Minus","Minus","Minus",98.4,"26_17797188"
"2",NA,"Minus","Minus","Plus","Minus","Minus","Minus","Minus","Minus","Plus","Plus","Plus","Plus","Plus","Plus","Plus","Minus","Minus","Plus","Minus","Minus","Plus","Minus","Plus","Minus","Minus","Minus","Plus","Minus",100.1,"26_17781888"
"4-5 d",NA,"Minus","Minus","Plus",NA,"Minus",NA,"Minus","Minus","Plus","Plus","Plus","Plus","Plus","Plus","Plus",NA,"Minus","Minus","Minus","Minus","Plus","Minus","Minus","Minus","Minus","Plus","Plus","Minus",98.3,"26_17690262"
"2",NA,"Minus","Minus","Plus",NA,"Minus","Minus","Minus","Minus","Plus","Plus","Plus","Minus","Plus","Plus","Plus","Minus","Minus","Minus","Minus","Minus","Minus","Minus","Minus","Minus","Minus","Minus","Plus","Minus",99.9,"27_17769360"
"2",NA,"Minus","Minus","Minus",NA,"Minus",NA,"Minus","Minus","Plus","Plus","Plus","Minus","Plus","Plus","Plus","Minus","Minus","Plus","Minus","Minus","Minus","Minus","Minus","Minus","Minus","Minus","Plus","Minus",98.3,"27_17802333"
"2",NA,"Minus","Minus","Plus",NA,"Minus",NA,"Minus","Minus","Plus","Plus","Plus","Plus","Plus","Plus","Plus",NA,"Minus","Minus","Minus","Minus","Plus","Minus","Minus","Minus","Minus","Minus","Plus","Minus",98.4,"30_17687214"
"2","Minus","Minus","Minus","Plus","Minus","Minus","Minus","Minus","Minus","Plus","Plus","Plus","Plus","Plus","Plus","Plus","Plus","Minus","Plus","Minus","Plus","Plus","Minus","Minus","Minus","Minus","Minus","Plus","Minus",98.2,"30_17794188"
"4",NA,"Minus","Minus","Plus",NA,"Minus","Minus","Minus","Minus","Plus","Plus","Plus","Plus","Plus","Plus","Plus","Minus","Minus","Minus","Minus","Minus","Plus","Minus","Minus","Minus","Minus","Minus","Plus","Minus",99.4,"31_17747760"
"2",NA,"Minus","Minus","Plus",NA,"Minus","Plus","Minus","Minus","Plus","Plus","Plus","Plus","Plus","Plus","Plus","Plus","Minus","Plus","Minus","Minus","Plus","Minus","Plus","Minus","Minus","Minus","Plus","Minus",98.8,"31_17730756"
"4",NA,"Minus","Minus","Plus",NA,"Minus",NA,"Minus","Minus","Plus","Plus","Plus","Plus","Plus","Plus","Plus",NA,"Minus","Minus","Minus","Minus","Plus","Minus","Minus","Minus","Minus","Minus","Plus","Minus",98.5,"31_17737572"
"2",NA,"Plus","Plus","Plus","Plus","Minus","Plus","Minus","Minus","Plus","Plus","Plus","Plus","Plus","Plus","Plus","Plus","Plus","Plus","Minus","Minus","Plus","Minus","Plus","Minus","Minus","Minus","Plus","Plus",99.8,"31_17711931"
"5",NA,"Minus","Minus","Plus",NA,"Minus",NA,"Minus","Minus","Plus","Plus","Plus","Plus","Plus","Plus","Plus",NA,"Minus","Plus","Minus","Minus","Plus","Minus","Plus","Minus","Minus","Minus","Plus","Minus",98.1,"32_17750517"
"2",NA,"Plus","Minus","Plus","Minus","Minus","Minus","Minus","Minus","Plus","Plus","Plus","Plus","Plus","Plus","Plus","Minus","Minus","Plus","Minus","Minus","Plus","Minus","Plus","Minus","Minus","Plus","Plus","Minus",98.6,"32_17796207"
"2",NA,"Minus","Minus","Plus",NA,"Minus",NA,"Minus","Minus","Plus","Plus","Plus","Plus","Plus","Plus","Plus",NA,"Minus","Plus","Minus","Minus","Plus","Minus","Plus","Minus","Minus","Minus","Plus","Minus",98.1,"32_17808270"
"4",NA,"Minus","Minus","Plus",NA,"Minus",NA,"Minus","Minus","Plus","Plus","Plus","Plus","Plus","Plus","Plus","Plus","Minus","Plus","Minus","Minus","Plus","Minus","Plus","Minus","Minus","Minus","Plus","Minus",97.9,"32_17791491"
"2",NA,"Plus","Minus","Plus",NA,"Minus",NA,"Minus","Minus","Plus","Plus","Plus","Plus","Plus","Plus","Plus",NA,"Minus","Plus","Plus","Minus","Plus","Plus","Plus","Minus","Minus","Minus","Plus","Minus",98.5,"33_17807295"
"3",NA,"Minus","Minus","Plus","Minus","Minus","Minus","Minus","Minus","Plus","Plus","Plus","Plus","Plus","Plus","Plus",NA,"Minus","Minus","Minus","Minus","Plus","Minus","Minus","Minus","Minus","Minus","Plus","Plus",97.9,"33_17774529"
"3",NA,"Plus","Minus","Minus",NA,"Minus",NA,"Minus","Minus","Minus","Minus","Minus","Minus","Minus","Plus","Plus",NA,"Plus","Minus","Minus","Plus","Plus","Minus","Minus","Minus","Minus","Plus","Plus","Minus",98.1,"34_17732760"
"2",NA,"Minus","Minus","Plus",NA,"Minus",NA,"Minus","Minus","Plus","Minus","Plus","Plus","Plus","Plus","Plus",NA,"Minus","Minus","Plus","Minus","Plus","Minus","Minus","Minus","Minus","Minus","Plus","Minus",97.6,"34_17777373"
"3",NA,"Minus","Minus","Plus",NA,"Minus",NA,"Minus","Minus","Plus","Plus","Plus","Plus","Plus","Plus","Plus",NA,"Minus","Plus","Minus","Minus","Plus","Minus","Plus","Minus","Minus","Plus","Plus","Minus",97.8,"37_17729457"
"2","Minus","Minus","Minus","Plus","Minus","Minus","Minus","Minus","Minus","Plus","Plus","Plus","Plus","Plus","Plus","Plus","Minus","Minus","Plus","Minus","Minus","Plus","Minus","Plus","Minus","Minus","Minus","Plus","Minus",100.1,"37_17669628"
